{
  "Conf#1 Request" : {
    "transaction" : "Conf#1 Request",
    "sampleCount" : 300,
    "errorCount" : 50,
    "errorPct" : 16.666666,
    "meanResTime" : 1279.3966666666681,
    "medianResTime" : 1296.0,
    "minResTime" : 1045.0,
    "maxResTime" : 1639.0,
    "pct1ResTime" : 1443.9,
    "pct2ResTime" : 1487.8,
    "pct3ResTime" : 1538.99,
    "throughput" : 7.924139570511635,
    "receivedKBytesPerSec" : 1.7875744538947145,
    "sentKBytesPerSec" : 1.207193137695132
  },
  "Total" : {
    "transaction" : "Total",
    "sampleCount" : 900,
    "errorCount" : 331,
    "errorPct" : 36.77778,
    "meanResTime" : 1348.6977777777774,
    "medianResTime" : 1318.0,
    "minResTime" : 1022.0,
    "maxResTime" : 2548.0,
    "pct1ResTime" : 1517.9,
    "pct2ResTime" : 1601.0,
    "pct3ResTime" : 2097.7300000000014,
    "throughput" : 23.31425018780924,
    "receivedKBytesPerSec" : 5.259366985726498,
    "sentKBytesPerSec" : 3.5517803020490635
  },
  "Conf#2 Request" : {
    "transaction" : "Conf#2 Request",
    "sampleCount" : 300,
    "errorCount" : 129,
    "errorPct" : 43.0,
    "meanResTime" : 1361.269999999999,
    "medianResTime" : 1337.5,
    "minResTime" : 1023.0,
    "maxResTime" : 2548.0,
    "pct1ResTime" : 1524.0,
    "pct2ResTime" : 1649.75,
    "pct3ResTime" : 1971.7300000000002,
    "throughput" : 7.772826199606177,
    "receivedKBytesPerSec" : 1.7534402852627218,
    "sentKBytesPerSec" : 1.1841414913462536
  },
  "Conf#3 Request" : {
    "transaction" : "Conf#3 Request",
    "sampleCount" : 300,
    "errorCount" : 152,
    "errorPct" : 50.666668,
    "meanResTime" : 1405.4266666666667,
    "medianResTime" : 1418.0,
    "minResTime" : 1022.0,
    "maxResTime" : 2545.0,
    "pct1ResTime" : 1567.4,
    "pct2ResTime" : 1710.1,
    "pct3ResTime" : 2223.330000000001,
    "throughput" : 7.772222078292184,
    "receivedKBytesPerSec" : 1.7533040039897407,
    "sentKBytesPerSec" : 1.184049457239825
  }
}