{
  "Conf#1 Request" : {
    "transaction" : "Conf#1 Request",
    "sampleCount" : 250,
    "errorCount" : 31,
    "errorPct" : 12.4,
    "meanResTime" : 5082.427999999998,
    "medianResTime" : 5954.0,
    "minResTime" : 931.0,
    "maxResTime" : 6927.0,
    "pct1ResTime" : 6745.1,
    "pct2ResTime" : 6843.6,
    "pct3ResTime" : 6914.92,
    "throughput" : 32.79118572927597,
    "receivedKBytesPerSec" : 7.40517198976915,
    "sentKBytesPerSec" : 4.995532200944386
  },
  "Total" : {
    "transaction" : "Total",
    "sampleCount" : 250,
    "errorCount" : 31,
    "errorPct" : 12.4,
    "meanResTime" : 5082.427999999998,
    "medianResTime" : 5954.0,
    "minResTime" : 931.0,
    "maxResTime" : 6927.0,
    "pct1ResTime" : 6745.1,
    "pct2ResTime" : 6843.6,
    "pct3ResTime" : 6914.92,
    "throughput" : 32.79118572927597,
    "receivedKBytesPerSec" : 7.40517198976915,
    "sentKBytesPerSec" : 4.995532200944386
  }
}